Title,Text,Date
Tỷ phú đầu tư: 'Fed đã thắng', Vietstock - Tỷ phú đầu tư: 'Fed đã thắng'Nhà đầu tư lâu năm Paul Tudor Jones tin rằng Fed đã hoàn thành chu kỳ tăng lãi suất. Ông khẳng định Fed hoàn toàn có thể tuyên bố chiến thắng trong cuộc chiến...,16/05/2023
Loạt ngân hàng đã thông qua kế hoạch chi trả cổ tức. Thị trường 15/5,"Theo Dong HaiInvesting.com – Thị trường Việt Nam khởi động tuần mới với 3 tin tức đáng chú ý: Trong những ngày đầu tháng 5, một loạt ngân hàng đã thông qua kế hoạch chi trả cổ tức. Cần giải ngân...",15/05/2023
Khả năng Cục Dự trữ Liên bang Mỹ tăng lãi suất lần thứ 11," Vietstock - Khả năng Cục Dự trữ Liên bang Mỹ tăng lãi suất lần thứ 11Phát biểu tại một hội nghị ở thành phố Frankfurt (Đức), bà Bowman nêu rõ nếu lạm phát vẫn cao và thị trường lao động vẫn eo hẹp...",13/05/2023
Vàng thế giới giảm khi đồng USD tăng," Vietstock - Vàng thế giới giảm khi đồng USD tăngGiá vàng giảm vào ngày thứ Năm (11/5), khi đồng USD tăng, trong khi nhà đầu tư đánh giá tác động của dữ liệu kinh tế yếu kém đối với triển vọng lãi...",12/05/2023
Tỷ giá USD hôm nay 11/5: Quay đầu giảm mạnh," Đồng USD giảm nhẹ sau báo cáo do Bộ Lao động Mỹ công bố ngày 10/5. Trong tháng 4, chỉ số CPI Mỹ tăng 0,4% so với tháng trước. Đồng USD giảm nhẹ vào phiên giao dịch vừa qua, khi dữ liệu mới công bố...",11/05/2023
Giá vàng hôm nay 11/5: Nhấp nhổm sau dữ liệu lạm phát giảm," Cập nhật giá vàng mới nhất hôm nay 11/5/2023; giá vàng SJC trong nước mới nhất, thông tin thị trường vàng… Đêm 10/5/2023, giá vàng tăng vọt lên mức 2053,9 USD/ouce sau khi Mỹ công bố dữ liệu lạm phát...",11/05/2023
Bóng ma giảm phát đe dọa kinh tế Trung Quốc," Vietstock - Bóng ma giảm phát đe dọa kinh tế Trung QuốcChỉ số giá tiêu dùng (CPI) của Trung Quốc tăng 0.1% so với cùng kỳ, mức thấp nhất kể từ đầu năm 2021. Nếu so với tháng trước, giá cả đã giảm...",11/05/2023
"Lạm phát Trung Quốc thấp nhất trong 2 năm, bóng ma giảm phát đang đe dọa nền kinh tế thứ hai thế giới?"," Chỉ số giá tiêu dùng (CPI) tháng 4 của Trung Quốc chỉ tăng 0,1% so với cùng kỳ năm 2022, mức tăng thấp nhất trong 2 năm trở lại đây. 
Nếu như vào cùng kỳ năm ngoái, chỉ số giá tiêu dùng (thước đo lạm...",11/05/2023
"Mất hơn 200 điểm, Dow Jones giảm 4 phiên liên tiếp"," Vietstock - Mất hơn 200 điểm, Dow Jones giảm 4 phiên liên tiếpChỉ số Dow Jones và S&P 500 giảm điểm vào ngày thứ Năm (11/5), khi cổ phiếu Disney chịu áp lực và những lo ngại xung quanh vấn đề các...",12/05/2023
12/05: Đọc gì trước giờ giao dịch chứng khoán?,  Vietstock - 12/05: Đọc gì trước giờ giao dịch chứng khoán? Cùng điểm lại những tin tức tài chính kinh tế trong nước và quốc tế đáng chú ý diễn ra trong 24h qua trước giờ giao dịch hôm nay.* Lãi suất...,12/05/2023
"Lạm phát Mỹ tiếp tục hạ nhiệt trong tháng 4, Phố Wall phấn khởi"," Vietstock - Lạm phát Mỹ tiếp tục hạ nhiệt trong tháng 4, Phố Wall phấn khởi Một thước đo lạm phát được nhiều người theo dõi tăng chậm lại trong tháng 4/2023, qua đó mang lại hy vọng áp lực giá cả sẽ...",10/05/2023
"Lạm phát Mỹ hạ nhiệt, trader hạ xác suất Fed tiếp tục tăng lãi suất"," Thước đo lạm phát ưa thích của Fed đã tăng chậm lại trong tháng 4/2023. Chỉ số giá tiêu dùng (CPI) - thước đo lạm phát ưa thích của Fed đã tăng chậm lại trong tháng 4/2023, nhưng vẫn ở mức cao so với...",11/05/2023
Vàng thế giới giảm nhẹ sau dữ liệu lạm phát của Mỹ," Vietstock - Vàng thế giới giảm nhẹ sau dữ liệu lạm phát của MỹGiá vàng giảm nhẹ vào ngày thứ Tư (10/5), khi một số nhà đầu tư chốt lời sau báo cáo lạm phát của Mỹ.Kết thúc phiên giao dịch ngày thứ...",11/05/2023
"Dầu giảm hơn 1%, đứt mạch 3 phiên tăng liên tiếp"," Vietstock - Dầu giảm hơn 1%, đứt mạch 3 phiên tăng liên tiếpGiá dầu giảm hơn 1 USD/thùng vào ngày thứ Tư (10/5), chấm dứt chuỗi 3 phiên tăng liên tiếp.Kết thúc phiên giao dịch ngày thứ Tư, hợp đồng...",11/05/2023
Nasdaq Composite tăng 1% sau báo cáo lạm phát của Mỹ," Vietstock - Nasdaq Composite tăng 1% sau báo cáo lạm phát của MỹChỉ số Nasdaq Composite tăng điểm vào ngày thứ Tư (10/5), do nhà đầu tư tìm đến các cổ phiếu công nghệ sau báo cáo lạm phát thấp hơn dự...",11/05/2023
Tỷ giá USD hôm nay 10/5: Giảm nhẹ khi các nhà đầu tư ngóng đợi thông tin mới," Đồng USD hôm giảm nhẹ khi dữ liệu việc làm tốt hơn dự kiến, các nhà đầu tư đang theo dõi chặt chẽ dữ liệu lạm phát của Hoa Kỳ sẽ được công bố vào hôm nay 10/5. Việc công bố dữ liệu lạm phát của Mỹ...",10/05/2023
Vàng thế giới tăng trước bất ổn kinh tế," Vietstock - Vàng thế giới tăng trước bất ổn kinh tếGiá vàng tăng vào ngày thứ Ba (09/5) khi nhà đầu tư tìm kiếm kênh trú ẩn trước những bất ổn kinh tế, đồng thời chờ đợi dữ liệu lạm phát Mỹ để tìm...",10/05/2023
Dầu tăng nhẹ sau phiên biến động," Vietstock - Dầu tăng nhẹ sau phiên biến độngGiá dầu tăng nhẹ vào ngày thứ Ba (09/5), đảo chiều từ mức giảm hơn 2% hồi đầu phiên, khi thị trường cân nhắc kế hoạch bổ sung dự trữ dầu khẩn cấp của...",10/05/2023
Phố Wall giảm nhẹ chờ báo cáo lạm phát và cuộc họp về trần nợ của Mỹ," Vietstock - Phố Wall giảm nhẹ chờ báo cáo lạm phát và cuộc họp về trần nợ của MỹChứng khoán Mỹ giảm điểm vào ngày thứ Ba (09/5), khi nhà đầu tư sẵn sàng cho báo cáo lạm phát quan trọng vào cuối tuần...",10/05/2023
Giá điện tăng 3% tác động gì đến CPI? Thị trường 8/5,Theo Dong HaiInvesting.com – Thị trường Việt Nam trong phiên giao dịch hôm nay có một số tin tức đáng chú ý: Giá điện tăng 3% tác động gì đến CPI? Nợ xấu ngân hàng đồng loạt tăng mạnh trong quý I và...,08/05/2023
S&P 500 gần như đi ngang," Vietstock - S&P 500 gần như đi ngangChỉ số S&P 500 khép phiên gần như đi ngang vào ngày thứ Hai (08/5), khi nhà đầu tư chờ đợi số liệu lạm phát quan trọng, bao gồm báo cáo chỉ số giá tiêu dùng CPI...",09/05/2023
Vàng thế giới tăng nhẹ chờ báo cáo lạm phát của Mỹ, Vietstock - Vàng thế giới tăng nhẹ chờ báo cáo lạm phát của MỹGiá vàng tăng nhẹ vào ngày thứ Hai (08/5) trước khi dữ liệu lạm phát công bố trong tuần này có thể cung cấp manh mối về triển vọng lãi...,09/05/2023
08/05: Đọc gì trước giờ giao dịch chứng khoán? , Vietstock - 08/05: Đọc gì trước giờ giao dịch chứng khoán? Điểm lại những tin tức nổi bật cuối tuần vừa qua.* Warren Buffett dự đoán lợi nhuận giảm ở nhiều mảng của Berkshire. Trong ĐHĐCĐ thường niên...,08/05/2023
"Mirae Asset: Giá điện tăng 3%, ảnh hưởng thế nào?"," Vietstock - Mirae Asset: Giá điện tăng 3%, ảnh hưởng thế nào?Trong báo cáo cập nhật ngành điện mới công bố, Mirae Asset dẫn lời Tiến sĩ Nguyễn Bích Lâm, nguyên Tổng cục trưởng Tổng cục Thống kê (Bộ...",05/05/2023
Bộ trưởng Bộ Kế hoạch & Đầu tư: Nhiều lĩnh vực đã có tín hiệu và xu hướng tích cực hơn," Vietstock - Bộ trưởng Bộ Kế hoạch & Đầu tư: Nhiều lĩnh vực đã có tín hiệu và xu hướng tích cực hơnNgày 5/5, tại phiên họp Chính phủ thường kỳ tháng 4/2023, Bộ trưởng Bộ Kế hoạch và Đầu tư Nguyễn Chí...",05/05/2023
"Giá điện tăng thêm 3% - Áp lực đè nặng lên nhóm hoá chất, thép, xi măng…"," Trong báo cáo mới cập nhật, Mirae Asset ước tính lợi nhuận nhóm doanh nghiệp xi măng, thép có thể giảm đến 15% do sự điều chỉnh giá điện thúc đẩy giá vốn tăng cao. Hôm nay (ngày 4/5), Tập đoàn Điện...",04/05/2023
Lãnh đạo EVN nói gì về việc tăng giá bán lẻ điện bình quân?," Vietstock - Lãnh đạo EVN nói gì về việc tăng giá bán lẻ điện bình quân?“Tăng giá điện chỉ là một trong các giải pháp giảm thiểu khó khăn tài chính của Tập đoàn”, ông Nguyễn Xuân Nam, Phó Tổng giám...",04/05/2023
Chờ đợi thêm giải pháp nới lỏng tiền tệ," Vietstock - Chờ đợi thêm giải pháp nới lỏng tiền tệNếu đã thật sự rơi vào suy thoái có thể phải cần nhiều nguồn lực hơn để vực dậy nền kinh tế, cũng như cần nhiều thời gian hơn trước khi các chính...",04/05/2023
Chính sách tiền tệ của Trung Quốc và tác động đến các nền kinh tế láng giềng," Vietstock - Chính sách tiền tệ của Trung Quốc và tác động đến các nền kinh tế láng giềngTrung Quốc là đối tác thương mại lớn của các nước ASEAN, nhất là Việt Nam. Các chính sách kinh tế của Trung...",04/05/2023
"4 tháng đầu năm 2023, CPI tăng 3.84% so với cùng kỳ năm trước; lạm phát cơ bản tăng 4.9%"," Vietstock - 4 tháng đầu năm 2023, CPI tăng 3.84% so với cùng kỳ năm trước; lạm phát cơ bản tăng 4.9%Giá thực phẩm giảm do nguồn cung dồi dào, học phí tại một số địa phương được điều chỉnh theo Nghị...",29/04/2023
5 câu hỏi cho sếp Digiworld trước thềm ĐHĐCĐ, Đại hội đồng cổ đông thường niên đang đến gần và  Digiworld  đang đứng trước những thách thức và cơ hội kinh doanh mới trong năm 2023. CTCP Thế giới số (Digiworld – Mã: DGW (HM:DGW)) công bố tài liệu...,24/04/2023
"CPI tháng 6 của Trung Quốc bằng với mức kì vọng, PPI không thay đổi","Investing.com - Chỉ số giá tiêu dùng (CPI) của Trung Quốc trong tháng 6 tăng bằng với mức kỳ vọng, trong khi Chỉ số giá sản xuất (PPI) không thay đổi so với một...",10/07/2019
Forex - Đồng Đô la tăng giá; Đồng Yên được chú ý do CPI Nhật Bản giảm,Investing.com - Đồng Đô la tăng giá so với các đồng tiền châu Á lớn khác vào sáng thứ Sáu. Dữ liệu lạm phát của Nhật Bản được quan...,20/04/2018
"PPI Trung Quốc tháng 6 cao hơn dự kiến; CPI tăng 1.9%, như dự báo","Investing.com - CPI theo năm của Trung Quốc tăng 1.9% trong tháng 6, bằng với mức đã dự báo, trong khi PPI tăng 4.7% trong tháng 6, cao hơn dự kiến ở mức 4.5%. Các...",10/07/2018
"Chứng khoán Châu Á tăng điểm; Trung Quốc công bố PPI, CPI","Investing.com - Chứng khoán châu Á tăng điểm trong phiên giao dịch sáng thứ 5 sau khi Wall Street đóng của tích cực, trong khi dữ liệu chỉ số giá...",10/05/2018
"Chứng khoán Châu Á bất ổn; CPI Nhật bản, đàm phán Mỹ - Trung gây chú ý",Investing.com - Chứng khoán châu Á bất ổn vào giờ giao dịch chiều thứ Sáu khi nhà đầu tư nhận thông tin Chính phủ Trung Quốc đề xuất mức cắt giảm...,18/05/2018
Forex - Đồng Nhân dân tệ giảm do chỉ số CPI yếu; Đồng USD tăng,Investing.com - Đồng nhân dân tệ giảm so với đồng đô la Mỹ trong phiên giao dịch hôm nay trên thị trường châu Á sau khi dữ liệu cho thấy Chỉ số...,15/02/2019
"Forex - Đồng Yên ít thay đổi sau dữ liệu về CPI, Đôla tăng giá","Investing.com - Đồng Yên Nhật ít thay đổi với dữ liệu CPI được công bố hôm thứ Sáu, ở mức cao nhất trong 7 tháng qua. Đồng USD tăng nhưng vẫn gần mức thấp nhất 2...",21/09/2018
Forex - Đồng USD giảm sau thông tin từ Fed; CPI Trung Quốc được quan tâm,Investing.com - Đồng Đô la Mỹ giảm vào thứ Năm trên thị trường châu Á sau khi Cục Dự trữ Liên bang chỉ ra trong biên bản cuộc họp tháng 12 rằng họ...,10/01/2019
Lạm phát sản xuất của Trung Quốc chững lại; CPI giảm từ mức cao nhất 4 năm,"Investing.com - Chỉ số giá sản xuất (PPI) của Trung Quốc đã chững lại trong tháng thứ năm, trong khi chỉ số CPI đã giảm từ mức cao nhất trong 4 năm, theo dữ liệu công...",11/04/2018
Giá dầu tăng mặc dù chỉ số CPI của Trung Quốc và dữ liệu bán lẻ của Mỹ đều thấp,"Investing.com - Giá dầu tăng vào thứ Sáu ở châu Á sau sự suy giảm của dữ liệu bán lẻ yếu của Hoa Kỳ.
Doanh số bán lẻ của Hoa Kỳ đã giảm 1,2%...",15/02/2019
Đôla Úc giảm xuống mức thấp nhất 6 tuần do chỉ số CPI thấp hơn dự kiến,Investing.com - Đồng Đôla Úc đã giảm xuống mức thấp gần sáu tuần vào thứ Tư tại châu Á sau khi nước này công bố dữ liệu CPI thấp hơn dự...,24/04/2019
Forex - Đồng Đô la giảm do chỉ số Fed Philly suy yếu; CPI Nhật Bản cao hơn dự kiến,"Investing.com - Đồng Đô la giảm mạnh từ mức cao trong 11 tháng trong phiên giao dịch sáng nay trên thị trường Châu Á, khi các nhà phân...",22/06/2018
Chứng khoán châu Á không đồng nhất; CPI tháng 6 của Trung Quốc bằng mức kì vọng,Investing.com - Thị trường châu Á không đồng nhất trong phiên giao dịch buổi sáng thứ Tư. Chứng khoán Trung Quốc ít thay đổi sau khi nước này...,10/07/2019
Chứng khoán châu Á không ổn định; CPI và PPI của Trung Quốc thu hút chú ý,"Investing.com - Chứng khoán châu Á không ổn định vào chiều thứ Ba. Khi lo lắng về chiến tranh thương mại giảm bớt, thị trường tập trung sự chú ý...",10/07/2018
Forex - Đồng Đô la giảm tử mức cao mới trong bối cảnh lạm phát suy giảm,"Investing.com - Đồng Đô la giảm từ mức cao trong năm nay sau khi Hoa Kỳ công bố dữ liệu CPI đáng thất vọng, nhưng tăng nhẹ so với một giỏ sáu đồng tiền chính...",11/05/2018
Giá vàng giảm khi Đô la ổn định,"Investing.com - Giá vàng giảm vào thứ Ba khi Đô la ổn định trước khi Mỹ công bố dữ liệu lạm phát (PPI và CPI) vào thứ Tư.
Vàng giao...",08/05/2018
Forex - Đô la vững mức cao nhất 4 tháng; Lợi suất trái phiếu lên 3%,Investing.com - Đô la đứng vững so với các loại tiền tệ chính ở Châu Á vào thứ Năm khi lợi suất trái phiếu 10 năm của ko bạc Mỹ cao hơn mức 3% trong thứ...,10/05/2018
Giá vàng giảm khi đồng Đô la giữ ở mức ổn định sau dữ liệu lạm phát,Investing.com - Giá vàng giảm trong phiên giao dịch ngày thứ Sáu khi đồng Đô la tăng trở lại sau một cú giảm do chỉ số CPI đáng thất vọng của Hoa...,11/05/2018
"Forex - Hỗ trợ bởi lợi suất, Đôla ở quanh mức cao nhất 5 tháng","Investing.com - Đôla ở trên mức 93, quanh mức cao nhất 5 tháng tại Châu Á vào sáng thứ Sáu, sau khi đạt mức cao mới 93.46 qua đêm. Nhật bản...",18/05/2018
"Thị trường châu Á giảm, ông Mnuchin cho biết cuộc họp với Trung Quốc sẽ diễn ra",Investing.com - Các thị trường châu Á giảm trong phiên giao dịch sáng thứ Năm khi các nhà đầu tư phản ứng với những diễn biến mới nhất trong cuộc chiến...,29/08/2019
Đồng Đô la Mỹ ít thay đổi trước cuộc họp của Fed; Anh bầu cử sớm vào tháng 12,Investing.com - Đô la Mỹ ít thay đổi vào thứ Tư ở châu Á khi các nhà đầu tư chờ đợi quyết định chính sách của Cục Dự trữ Liên bang...,30/10/2019
"Forex - Đôla tăng giá so với Euro, Bảng; ECB và BoE được chú ý",Investing.com - Đồng Đôla tăng so với đồng Euro và đồng Bảng Anh vào thứ Năm khi nhà đầu tư chờ đợi các quyết định về lãi suất của Ngân hàng Trung...,13/09/2018
Đồng Đô la Mỹ ít thay đổi; diễn biến thương mại và phát biểu của Powell được chú ý,Investing.com - Đồng Đô la Mỹ ít thay đổi vào thứ Hai ở châu Á. Diễn biến thương mại giữa Hoa Kỳ và Trung Quốc và bài phát biểu của Chủ...,11/11/2019
Chứng khoán Châu Á không đồng nhất; dữ liệu của Trung Quốc được chú ý,Investing.com - Chứng khoán châu Á không đồng nhất trong phiên chiều thứ Ba. Dữ liệu chính thức hôm thứ Ba cho thấy CPI của Trung Quốc trong tháng 9...,16/10/2018
Đô la Mỹ vẫn trên đà giảm dù căng thẳng thương mại Trung – Mỹ đã được hóa giải,Investing.com - Giá Đô la giảm nhẹ trên thị trường châu Á trong phiên giao dịch sáng thứ Tư mặc dù đã có những bình luận từ...,11/04/2018
5 điều cần biết về thị trường vào ngày thứ Sáu,"Investing.com – Dưới đây là 5 điều cần biết về thị trường trong ngày thứ Sáu, 10 tháng 8:
1. Căng thẳng chính trị tại Thổ Nhĩ Kỳ đẩy đồng Lira xuống mức...",10/08/2018
5 điều cần biết về thị trường trước phiên Mỹ vào ngày thứ Sáu,"Investing.com - Dưới đây là năm điều bạn cần biết về thị trường vào thứ Sáu, ngày 10 tháng 5:
1. Thuế quan đối với hàng hóa của Trung Quốc...",10/05/2019
Forex - Đôla phục hồi ngay cả khi căng thẳng gia tăng giữa Mỹ - Bắc Triều Tiên,Investing.com - Đông Đôla tăng so với các đồng tiền chính ở châu Á vào sáng thứ Sáu với USD index kiểm tra mức 94. Thị trường nhận...,25/05/2018
Forex – Đồng Nhân dân tệ giảm với những lo ngại mới về thương mại,Investing.com - Đồng Nhân dân tệ của Trung Quốc giảm giá so với đồng Đô la Mỹ vào thứ Ba ở châu Á sau khi một báo cáo của Bloomberg...,15/10/2019
5 điều cần biết về thị trường vào ngày thứ Tư,"Investing.com - Chủ tịch Cục Dự trữ Liên bang Hoa Kỳ, Jerome Powell, sẽ điều trần trước Quốc hội trong bối cảnh những bất ổn thương mại mới lộ diện sau khi Tổng thống Hoa Kỳ Donald Trump...",13/11/2019
"Chứng khoán châu Á giảm nhẹ, Chỉ số Nikkei giảm do đồng Yên được củng cố","
Investing.com - Chứng khoán châu Á giảm trong phiên giao dịch sáng thứ Hai, chỉ số  Nikkei 225 của Nhật Bản giao dịch thấp hơn các chỉ số khác trong...",23/07/2018
Forex  - Đô la giữ ở mức cao nhất 4 tháng. Đô la Úc giảm với dữ liệu bán lẻ,Investing.com – Đô la tăng giá so với các đồng tiền chính tại châu Á vào sáng thứ 3 sau khi đã lập đỉnh vào đêm....,08/05/2018
Chứng khoán châu Á tăng điểm sau phiên giao dịch tích cực trên phố Wall,"Investing.com - Chứng khoán châu Á tăng điểm trong phiên giao dịch sáng thứ Năm sau phiên giao dịch tích cực trên phố Wall.
Qua đêm, chỉ số...",10/05/2018
Forex - Đôla giảm; Đôla Úc tăng với hỗ trợ từ dữ liệu tích cực của Trung Quốc,Investing.com - Đôla giảm nhẹ so với các đồng tiền chính hôm thứ Ba tại Châu Á. Chỉ số sản lượng công nghiệp của Trung Quốc gây chú ý...,15/05/2018
Chứng khoán Châu Á biến động nhẹ sau trong bối cảnh thiếu các động lực thị trường,"Investing.com -  Chứng khoán Châu Á biến động nhẹ trong phiên giao dịch sáng thứ Tư khi chưa xác định được động lực dẫn dắt thị trường
Chiều qua, chỉ số Dow...",11/04/2018
Năm điều hàng đầu bạn cần biết trên thị trường tài chính vào Thứ Tư,"Investing.com - Dưới đây là năm điều hàng đầu bạn cần biết trên thị trường tài chính vào Thứ Tư, ngày 13 tháng 2:
1. Gợi ý của...",13/02/2019
Forex – Triển vọng thị trường tuần từ 18 – 22 tháng 11,Investing.com - Biên bản cuộc họp chính sách tiền tệ của Cục Dự trữ Liên bang và Ngân hàng Trung ương châu Âu sẽ đươc chú ý...,18/11/2019
Forex – Tình hình thị trường trong tuần 25 – 29 tháng 11,Investing.com - Sự không chắc chắn kéo dài về triển vọng của một thỏa thuận thương mại Hoa Kỳ-Trung Quốc có vẻ sẽ khiến các nhà đầu tư không thể...,25/11/2019
Giá vàng giảm mặc dù đồng Đô la đã giảm nhẹ,"Investing.com - Hôm nay, giá vàng giảm mặc dù đồng Đô la đã giảm nhẹ khi các nhà đầu tư đánh giá tác động mới nhất trong cuộc...",10/08/2018
Forex - Đô la tăng giá; diễn biến địa chính trị bớt nóng,Investing.com - Đồng đô la mở cửa đầu tuần tăng so với các đồng tiền chính khác khi được hỗ trợ bởi sự gia tăng mạnh lợi suất trái phiếu Kho bạc Hoa Kỳ thứ sáu...,23/04/2018
Forex - Đồng Đô la tăng cao do lãi suất Trái phiếu chính phủ Mỹ tăng cao,Investing.com - Đồng đô la tiếp tục tăng giá vào sáng thứ Ba ở châu Á cùng với mức lãi suất trái phiếu kho bạc Hoa Kỳ đạt mức cao nhất...,24/04/2018
Chứng khoán Châu Á tăng điểm với Dữ liệu thương mại khả quan của Trung Quốc,Investing.com – Chứng khoán Châu Á tiếp tục tăng điểm trong phiên buổi chiều thứ Ba khi dữ liệu về thương mại của Trung Quốc khả quan hơn các dự...,08/05/2018
Forex - Đồng Đô la giảm trong bối cảnh lãi suất của Hoa Kỳ giảm xuống,Investing.com - Đồng Đô la mở cửa tuần giao dịch này với mức giảm nhẹ so với các đồng tiền chính khác trong phiên giao dịch sáng thứ Hai trên thị...,14/05/2018
Chứng khoán châu Á tăng do lạc quan với đàm phán thương mại Mỹ - Trung,Investing.com - Chứng khoán châu Á giao dịch cao hơn trong phiên giao dịch buổi sáng vào thứ Sáu trên các thông tin rằng Bộ trưởng...,18/01/2019
Đồng Đô la vẫn giảm dù dữ liệu lạm phát và tình hình lao động tích cực hơn kỳ vọng,Investing.com - Đồng Đô la giảm giá vào thứ Sáu trong phiên giao dịch Châu Á dù rằng các dữ liệu công bố đêm qua cho thấy...,12/04/2019
Thị trường Châu Á tiếp tục tăng điểm khi nhà đầu tư bớt lo lắng về thương mại,"Investing.com - Thị trường châu Á tăng điểm trong buổi sáng thứ Ba khi các lo ngại về thương mại đã giảm bớt.
Tổng thống Mỹ bình luận hôm thứ Hai rằng...",10/07/2018
Forex - Nhân dân tệ ít thay đổi với dữ liệu thương mại tích cực của tháng 1,Investing.com - Nhân dân tệ Trung Quốc ít thay đổi vào thứ Năm ở châu Á ngay cả sau khi dữ liệu hải quan cho thấy con số về thương mại tốt hơn dự kiến...,14/02/2019
Forex: Triển vọng tuần 11 - 15 tháng 11,Investing.com - Các nhà đầu tư sẽ chú ý đến những bài phát biểu của Tổng thống Hoa Kỳ Donald Trump và Chủ tịch Cục Dự trữ Liên bang Jerome Powell...,11/11/2019
5 điều cần biết về thị trường ngày thứ Tư,"Investing.com - Dưới đây là 5 điều cần biết về thị trường ngày thứ Tư, 12/12:
1. Trump lạc quan về tình hình thương mại
Các nhà đầu tư sẽ tiếp tục...",12/12/2018
Chứng khoán châu Á không đồng nhất; Trung-Mỹ nối lại đàm phán vào tuần tới,Investing.com - Thị trường châu Á không đồng nhất trong phiên giao dịch buổi sáng hôm thứ Tư. Thị trường vẫn đang chú ý đến mối quan hệ thương mại...,24/04/2019
Chứng khoán Châu Á biến động; Lạm phát sản xuất của Trung Quốc chững lại,Investing.com - Chứng khoán Châu Á biến động trong phiên giao dịch buổi sáng hôm thứ Tư khi thị trường đang cố gắng tìm hướng đi. Lạm phát trong...,11/04/2018
Forex - Đồng Đô la ít thay đổi trước bài phát biểu của Powell,Investing.com - Đồng Đô la ít thay đổi vào thứ ba ở châu Á khi kỳ vọng rằng Fed sẽ giảm lãi suất một cách mạnh mẽ đã giảm sau khi Hoa Kỳ...,09/07/2019
Forex - Đồng Đô la giảm nhẹ; Đồng Rub của Nga do lệnh trừng phạt mới lên Moscow,"Investing.com - Đồng Đô la Mỹ giảm nhẹ trong phiên giao dịch hôm nay sau khi tăng trong phiên qua đêm lên mức cao nhất trong vòng 13 tháng, trong khi...",10/08/2018
"Chứng khoán Châu Á tiếp tục giảm, gánh nặng đè lên cổ phiếu ngành công nghệ",Investing.com – Chứng khoán Châu Á tiếp tục đà giảm vào phiên giao dịch chiều ngày thứ Sáu sau khi mở cửa ở mức thấp dưới sức ép...,20/04/2018
Forex - Đô la giảm nhẹ; Ngân hàng Nhật công bố thông tin; Nam Hàn Bắc Hàn gặp gỡ,Investing.com - Đồng Đô la giảm trong phiên giao dịch sáng thứ Sáu mặc dù nó vẫn ở trên mốc 91. Sự quan tâm của thị trường tiền tệ châu...,27/04/2018
Forex – USD ít thay đổi với thông tin về thương mại; Đơn đặt hàng của Đức giảm,Investing.com - Đồng Đô la Mỹ tăng giá so với đồng Nhân dân tệ và giảm giá so với đồng Euro vào đầu phiên giao dịch ngày thứ Hai tại...,07/10/2019
"5 điểm nổi bật của thị trường hôm nay, thứ Tư ngày 12/6","Investing.com - Dưới đây là những điểm nổi bật trên thị trường tài chính hôm nay, thứ Tư ngày 12/6:
1. Cuộc biểu tình ở Hồng Kông
Cảnh...",12/06/2019
5 điều cần biết về thị trường vào ngày thứ Năm,"Investing.com - Dưới đây là 5 điều cần biết về thị trường vào ngày thứ Năm, 13/9:
1. Trung Quốc hoan nghênh đề nghị của Mỹ về đàm phán thương mại
Trung...",13/09/2018
5 điều cần biết về thị trường ngày thứ Tư,"Investing.com - Sau đây là 5 điều bạn cần biết về thị trường ngày thứ Tư, 18 tháng 4.
1. Morgan Stanley, American Express công bố kết quả kinh doanhMorgan Stanley...",18/04/2018
5 điều cần biết về thị trường trước phiên Mỹ ngày thứ Năm,"Investing.com - Các cuộc đàm phán thương mại giữa Hoa Kỳ và Trung Quốc được nối lại, trong khi Thổ Nhĩ Kỳ đưa quân đội vào miền bắc Syria để oanh kính...",10/10/2019
"5 điểm nổi bật của thị trường hôm nay, thứ Sáu ngày 15/02","Investing.com - Dưới đây là những điểm cần quan tâm trên thị trường tài chính hôm nay, thứ Sáu ngày 15/2:
1. Các cuộc đàm...",15/02/2019
5 điểm nổi bật trên thị trường tài chính trước phiên Mỹ vào thứ Tư,"Investing.com - Dưới đây là những điểm nổi bật trên thị trường tài chính hôm nay, thứ Tư ngày 10/4:
1. Biên bản họp của Fed và dữ liệu lạm...",10/04/2019
Lịch kinh tế - 5 điểm nổi bật cần quan tâm trong tuần này,Investing.com - Sự xuất hiện của Tổng thống Hoa Kỳ Donald Trump và Chủ tịch Cục Dự trữ Liên bang Jerome Powell sẽ là tiêu điểm chú ý trong tuần này trong...,11/11/2019
" Nhiều nhóm hàng “hạ nhiệt”, CPI tháng 4 giảm 0,34%","Giá thực phẩm giảm do nguồn cung dồi dào, học phí tại một số địa phương được điều chỉnh là những nguyên nhân chính làm chỉ số giá tiêu dùng tháng 4/2023 giảm 0,34% so với tháng trước...",29/04/2023 10:49
"CPI tháng 4/2023 giảm 0,34% ","Giá thực phẩm giảm do nguồn cung dồi dào, học phí tại một số địa phương được điều chỉnh là những nguyên nhân chính làm chỉ số giá tiêu dùng tháng 4/2023 giảm 0,34% so với tháng trước...",29/04/2023 09:55
"CPI tháng 4/2023 giảm 0,34% ","Giá thực phẩm giảm do nguồn cung dồi dào, học phí tại một số địa phương được điều chỉnh là những nguyên nhân chính làm chỉ số giá tiêu dùng tháng 4/2023 giảm 0,34% so với tháng trước...",29/04/2023 09:55
"Chứng khoán Mỹ tụt điểm vì Fed lo suy thoái kinh tế, giá dầu tăng hơn 2%",Báo cáo CPI đã mang lại chút lạc quan vào buổi sáng. Nhưng tâm lý nhà đầu tư chuyển sang bi quan,13/04/2023 07:46
"Chứng khoán Mỹ tăng nhẹ trong lúc chờ số liệu lạm phát, giá dầu giảm vì nỗi lo lãi suất"," sẽ được công bố, bao gồm chỉ số giá tiêu dùng (CPI) và chỉ số giá nhà sản xuất (PPI) của tháng 3...",11/04/2023 07:57
"Xăng dầu, lương thực…“hạ nhiệt” kéo CPI tháng 3 giảm 0,23% ","Nguồn cung dồi dào khiến giá thực phẩm giảm; giá xăng dầu, giá gas giảm theo giá nhiên liệu thế giới là nguyên nhân chính làm chỉ số giá tiêu dùng tháng 3/2023 giảm 0,23% so với tháng trước...",29/03/2023 12:46
"Ba bộ, ngành cùng dự báo lạm phát"," vụ công đang triển khai lộ trình thị trường. Do đó, Bộ Tài chính dự báo CPI bình quân năm 2023 tăng",24/03/2023 20:07
"Chứng khoán toàn cầu xanh rực sau báo cáo lạm phát Mỹ, giá dầu tụt xuống đáy 3 tháng", thống ngân hàng đã ổn định trở lại một phần và báo cáo CPI không gây bất ngờ. Nhưng tôi cho rằng chúng,15/03/2023 07:42
Giá xăng dầu đẩy CPI tháng 2 tăng ,"Giá xăng dầu, giá gas trong nước tăng theo giá nhiên liệu thế giới, giá nhà ở thuê tiếp tục tăng do nhu cầu tăng cao sau dịp Tết Nguyên đán là nguyên nhân chính làm chỉ số giá tiêu dùng tháng 02/2023 tăng 0,45% so với tháng trước...",28/02/2023 13:00
GDP và CPI 2023 nhìn từ kết quả năm 2022,"Năm 2023 khó có thể kéo dài tốc độ tăng trưởng GDP cao như quý 3 và năm 2022. Tăng trưởng kinh tế vẫn phải xem trọng thì mới tăng cường được nguồn lực bảo vệ an ninh quốc gia, toàn vẹn lãnh thổ. Để đạt tăng trưởng cao thì ổn định kinh tế vĩ mô, kiểm soát lạm phát luôn phải là ưu tiên hàng đầu...",26/02/2023 09:43
Kiểm soát lạm phát theo mục tiêu," tiêu năm 2023, CPI tăng khoảng 4,5%. Kỳ vọng năm 2023 sẽ là năm thứ 10 liên tục kiểm soát lạm phát theo",25/02/2023 08:33
Giá vàng đuối sức trước “bài kiểm tra” CPI,Giá vàng thế giới tụt khá mạnh do tâm lý lo lắng của nhà đầu tư trước khi báo cáo lạm phát của Mỹ được công bố vào tối nay theo giờ Việt Nam. Giá vàng miếng trong nước sáng nay (14/2) trượt về sát mốc 67 triệu đồng/lượng...,14/02/2023 11:07
Vì sao báo cáo CPI Mỹ sắp công bố khiến nhà đầu tư hồi hộp?," rằng quá trình giảm lạm phát đã xuất hiện, bản báo cáo chỉ số giá tiêu dùng (CPI) dự kiến công bố vào",14/02/2023 08:52
"Chứng khoán Mỹ xanh rực trước ngày đón báo cáo CPI, giá dầu tăng nhẹ", tiêu dùng (CPI) tháng 1 và thị trường đang chờ xem liệu lạm phát có giảm thêm hay không...,14/02/2023 07:23
Vàng tụt giá trong lúc nhà đầu tư “nín thở” đợi dữ liệu lạm phát Mỹ,Báo cáo chỉ số giá tiêu dùng (CPI) tháng 1 mà Bộ Lao động Mỹ dự kiến công bố vào ngày thứ Ba được,13/02/2023 10:37
"Giá vàng tăng nhẹ, báo cáo CPI Mỹ tuần tới có thể gây biến động",Nhà đầu tư trên thị trường vàng quốc tế đang hướng tới báo cáo lạm phát của Mỹ dự kiến công bố vào tuần tới để dự báo về hướng đi sắp tới của giá kim loại quý này...,11/02/2023 13:14
Kiểm soát biến động giá ngay từ đầu năm,"Theo số liệu từ Tổng cục Thống kê, chỉ số CPI tháng 1/2023 tăng 0,52% so với tháng trước. Các",6/02/2023 07:00
"Nhu cầu mua sắm Tết Nguyên đán cao đã đẩy CPI tháng 1 tăng 0,52%",", giá hàng hóa và dịch vụ tăng theo quy luật tiêu dùng… đã đẩy CPI tăng cao so với tháng trước…",29/01/2023 19:16
Chứng khoán Mỹ và giá dầu đồng loạt tăng sau báo cáo lạm phát," tiêu dùng (CPI) cho thấy giá cả ở nước này trong tháng 12 giảm 0,1% so với tháng trước, đánh dấu lần",13/01/2023 07:41
CPI của Mỹ lần đầu tiên giảm sau hơn 2 năm rưỡi,Số liệu vừa công bố được xem là một dấu hiệu cho thấy lạm phát ở nền kinh tế lớn nhất thế giới đang ở trong một xu hướng giảm bền vững...,12/01/2023 22:02
Nhà đầu tư chờ điều gì ở báo cáo CPI Mỹ sắp công bố?,"Đây là thống kê lạm phát cuối cùng trước cuộc họp chính sách tiền tệ định kỳ đầu tiên của Fed trong năm 2023, dự kiến diễn ra vào ngày 31/1-1/2. Bởi vậy, báo cáo này được xem là một sự kiện lớn đối với thị trường tài chính...",12/01/2023 08:56
"Giá vàng giằng co trong lúc chờ báo cáo CPI Mỹ, nhiều tổ chức dự báo giá tăng","Giá vàng thế giới chững lại và giằng co trong vùng hẹp trong lúc nhà đầu tư đợi báo cáo lạm phát tháng 12 của Mỹ. Giá vàng miếng trong nước sáng nay (11/1) tăng 100.000-400.000 đồng/lượng, chưa thể lấy lại mốc 67 triệu đồng/lượng sau cú giảm sâu vào sáng qua...",11/01/2023 12:55
Xăng dầu giảm giá kéo CPI tháng 12 giảm nhẹ," tiêu dùng (CPI) tháng 12/2022 giảm 0,01% so với tháng trước, tăng 4,55% so với tháng 12/2021...",29/12/2022 15:20
"Chứng khoán Mỹ xanh rực sau báo cáo CPI, giá dầu cũng tăng mạnh",Giá các tài sản như cổ phiếu và dầu thô đồng loạt tăng mạnh sau khi số liệu thống kê cho thấy lạm phát xuống thang nhanh hơn dự báo và trong bối cảnh nhà đầu tư đợi kết quả cuộc họp Fed...,14/12/2022 07:39
"Dow Jones bất ngờ tăng 500 điểm, giá dầu cũng nhảy mạnh"," do một chút lạc quan thận trọng trước khi thị trường đón nhận báo cáo CPI vào ngày mai""...",13/12/2022 07:23
Giá vàng tăng nhờ “cá mập” SPDR Gold Trust mua ròng thêm hơn 2 tấn,"Tuần tới, giá vàng sẽ bị chi phối bởi báo cáo chỉ số giá tiêu dùng (CPI) và kết quả cuộc họp chính",10/12/2022 10:10
"CPI tháng 11/2022 tăng 0,39%"," tăng là những nguyên nhân chính làm cho chỉ số giá tiêu dùng (CPI) tháng 11/2022 tăng 0,39% so với",29/11/2022 10:00
Chứng khoán châu Á xanh rực sau khi đón tin CPI Mỹ,"Thị trường chứng khoán khu vực châu Á tăng điểm mạnh nhất kể từ tháng 3 trong phiên giao dịch ngày 11/11, khi lạm phát của Mỹ giảm tốc và Trung Quốc đưa ra quan điểm mềm mỏng hơn về chống dịch Covid-19...",11/11/2022 13:05
"Chứng khoán Mỹ tăng mạnh nhất 2 năm sau báo cáo lạm phát, S&P 500 nhảy hơn 5,5%",Giá cổ phiếu bùng nổ sau khi báo cáo chỉ số giá tiêu dùng (CPI) tháng 10 làm dấy lên những tia hy,11/11/2022 07:28
"Dow Jones “bốc hơi” gần 650 điểm, giá dầu “bay” 3%", cáo CPI. Tất cả đều khiến nhà đầu tư bán mạnh cổ phiếu...,10/11/2022 07:33
"CPI tháng 10 tăng 0,15%, lạm phát vẫn trong tầm kiểm soát "," mới 2022 - 2023 đã làm cho chỉ số giá tiêu dùng (CPI) tháng 10/2022 tăng 0,15% so với tháng trước...",29/10/2022 14:47
Chứng khoán Mỹ giảm 6 phiên liên tiếp trước thêm báo cáo lạm phát quan trọng,“Có một điều cắc chắn là nỗ lực tăng lãi suất của Fed vẫn phải duy trì. Nếu báo cáo CPI ngày mai,13/10/2022 07:28
"Vàng thế giới trượt giá sáng đầu tuần, giới đầu tư thấp thỏm chờ báo cáo lạm phát Mỹ", nhiều vào báo cáo chỉ số giá tiêu dùng (CPI) Mỹ...,10/10/2022 10:23
Toàn cảnh bức tranh kinh tế Việt Nam trong 9 tháng đầu năm 2022, phát thấp hơn mức CPI bình quân chung... là những điểm sáng của nền kinh tế 9 tháng năm 2022...,1/10/2022 06:00
"Giá nguyên vật liệu đầu vào cao đẩy CPI tháng 9 tăng 0,4% ","Giá hàng hóa và dịch vụ tiêu dùng thiết yếu tăng theo giá nguyên, nhiên, vật liệu đầu vào đã đẩy chỉ số giá tiêu dùng tháng 9/2022 tăng 0,4% so với tháng trước…",29/09/2022 10:29
FED chuẩn bị tăng lãi suất: Tỷ giá VND/USD vẫn nằm sâu dưới trần biên độ,"Giá USD bán ra tại Ngân hàng Nhà nước và ngân hàng thương mại vẫn nằm sâu dưới trần biên độ, dù CPI",20/09/2022 17:18
"Loạt nguy cơ hiện hữu, lạm phát có thể chuyển sang trạng thái rủi ro cao hơn "," vào của nền sản xuất tăng cao nhưng CPI bình quân 8 tháng trong nước tương đối thấp. Dù vậy, mức độ",18/09/2022 09:07
"Giá vàng lao dốc chóng mặt sau báo cáo CPI Mỹ, “cá mập” SPDR Gold Trust lại xả ","Trong nước, giá vàng miếng sáng nay (14/9) giảm cầm chừng, khiến chênh lệch kéo giãn mạnh. Số liệu lạm phát Mỹ đặt ra khả năng Fed có thể nâng lãi suất tròn 1 điểm phần trăm trong cuộc họp vào tuần tới. Đồng USD tăng giá mạnh do kỳ vọng lãi suất tăng cũng tạo thêm áp lực mất giá của vàng...",14/09/2022 09:56
"Giá vàng “nhấp nhổm”, đồng USD tiếp tục “hạ nhiệt” giữa lúc ngóng tin CPI Mỹ","Giá vàng thế giới tăng rồi lại giảm, trong khi khi tỷ giá đồng USD tiếp tục trượt giảm sau khi lập kỷ lục 20 năm vào tuần trước. Tâm lý của giới đầu tư đang thận trọng trước khi đón nhận báo cáo lạm phát tháng 8 của Mỹ...",13/09/2022 10:15
"CPI 8 tháng tăng 2,58%, nền kinh tế vẫn tiềm ẩn nhiều yếu tố tác động lạm phát","Dù chỉ số giá tiêu dùng (CPI) 8 tháng đầu năm được ghi nhận ở mức 2,58% song theo Vụ Thống kê giá",7/09/2022 17:53
CPI tháng 8/2022 của TP.HCM lần đầu tiên giảm,"Tháng 8/2022 là tháng đầu tiên kể từ đầu năm đến nay, chỉ số giá tiêu dùng (CPI) của TP.HCM giảm",7/09/2022 13:59
"Nhóm thực phẩm tăng giá 4 tháng liên tiếp, tạo áp lực lớn lên CPI ",Mặc dù giá xăng dầu liên tiếp giảm nhưng áp lực tăng chỉ số giá tiêu dùng CPI những tháng cuối năm,5/09/2022 16:42
"Không thể chủ quan dù CPI tháng 8 được hãm phanh, mục tiêu kiểm soát dưới 4% trong tầm tay","Chỉ số giá tiêu dùng (CPI) tháng 8 chỉ tăng vỏn vẹn 0,005% so với tháng trước. Theo đánh giá của",3/09/2022 07:00
"Giá xăng dầu liên tục giảm, CPI tháng 8 chỉ tăng 0,005% ","Chỉ số giá tiêu dùng (CPI) tháng 8/2022 chỉ tăng nhẹ 0,005% so với tháng trước, tăng 3,6% so với",29/08/2022 11:08
"Bộ Tài chính dự báo lạm phát cả năm 2022 khoảng 3,37 - 3,87%","Bộ Tài chính dự báo CPI bình quân năm 2022 tăng trong khoảng 3,37 - 3,87%, cao hơn so với mức dự",24/08/2022 20:21
"Lạm phát vượt 10%, Anh chìm trong khủng hoảng sinh hoạt phí chưa từng có tiền lệ","Lạm phát ở Anh trong tháng 7 tiếp tục lập kỷ lục mới của 40 năm, với chỉ số giá tiêu dùng (CPI",18/08/2022 10:17
Blog chứng khoán: Cổ phiếu nóng hạ nhiệt, liệu CPI và chứng khoán Mỹ đêm qua. Hào hứng mà không tăng mạnh được thì hẳn phải có lực xả ẩn nào đó,11/08/2022 17:32
"Nội ngoại cùng tăng mua, dòng tiền quay trở lại",Chứng khoán thế giới tăng mạnh sau tin CPI tháng 7 của Mỹ hạ nhiệt. Tâm lý hào hứng cũng lan tỏa,11/08/2022 12:11
"Loạt blue-chips điều chỉnh, thị trường ngóng CPI Mỹ","Giao dịch chiều nay giằng co trên nền thanh khoản thấp nhất 10 phiên trở lại đây, nhưng biên độ biến động giá lẫn chỉ số vẫn rất hẹp. Đây là điểm tựa tích cực, vì cung cầu vẫn đang cân bằng và thị trường phát tín hiệu chờ đợi, hơn là hành động...",10/08/2022 15:54
"Chứng khoán Mỹ tụt điểm trong lúc chờ báo cáo lạm phát, giá dầu cũng đi xuống",Nhà đầu tư đang chờ báo cáo chỉ số giá tiêu dùng (CPI) tháng 7 dự kiến được công bố vào ngày thứ Tư,10/08/2022 07:12
"S&P 500 giảm điểm vì cổ phiếu con chip, giá dầu tăng bất chấp nỗi lo suy thoái",Tâm điểm chú ý của thị trường tuần này sẽ là báo cáo chỉ số giá tiêu dùng (CPI) tháng 7 dự kiến,9/08/2022 06:45
"Lương thực, xăng dầu đẩy CPI tháng 7 tăng nhẹ","Giá thịt lợn tăng cao, nhu cầu sử dụng điện, nước sinh hoạt tăng do thời tiết nắng nóng, giá hàng hóa và dịch vụ tiêu dùng thiết yếu tăng… làm chỉ số giá tiêu dùng tháng 7/2022 tăng 0,4% so với tháng trước...",29/07/2022 10:08
Dư địa kiểm soát lạm phát 6 tháng cuối năm còn lớn," thành công trong công tác chỉ đạo, điều hành giá khi Chỉ số giá tiêu dùng (CPI) chỉ tăng 2,44% so với",12/07/2022 06:00
"Sau năm lần tăng lãi suất, lạm phát ở Hàn Quốc vẫn cao nhất 24 năm",Dữ liệu công bố ngày 5/7 của Chính phủ Hàn Quốc cho thấy Chỉ số giá tiêu dùng (CPI) tháng 6 của,5/07/2022 17:08
"Giá cả tăng nóng hầm hập nhưng cớ sao CPI tăng thấp, chỉ 2,44%?"," tế tăng nóng ""hầm hập"" nhưng điều lạ lùng là chỉ số CPI tại Việt Nam 6 tháng chỉ tăng 2,44%. Các",5/07/2022 17:06
Áp lực lạm phát những tháng cuối năm rất lớn,"Chỉ số giá tiêu dùng (CPI) 6 tháng đầu năm chỉ tăng 2,44% nhưng áp lực lạm phát những tháng cuối",30/06/2022 09:09
"Lạm phát cả năm 2022 vẫn sẽ chỉ ở mức 3,8%?","Số liệu từ Tổng cục Thống kê cho thấy CPI tháng 6/2022 tăng 3,18% so với tháng 12/2021. Tuy nhiên",30/06/2022 08:34
CPI tháng 6 chịu tác động mạnh từ giá xăng dầu,"CPI tháng 6/2022 tăng 0,69% so với tháng trước, tăng 3,18% so với tháng 12/2021 và tăng 3,37% so",29/06/2022 13:19
"Không phải lúc nào cũng là kẻ thù, lạm phát 5-10% tạo cơ hội cho chứng khoán sinh lời tốt nhất?"," trải qua 81 tháng có mức CPI từ 5- 10%, trong các tháng này VN-Index tăng trưởng trung bình 2,71%/tháng",20/06/2022 13:49
"Chứng khoán Mỹ bán tháo, giá dầu trượt khỏi đỉnh 3 tuần",Phiên giảm này diễn ra trước khi Bộ Lao động Mỹ công bố báo cáo chỉ số giá tiêu dùng (CPI) tháng 5,10/06/2022 08:01
Giá vàng “rón rén” tăng trước giờ công bố báo cáo quan trọng của Mỹ,“Tâm lý của nhà đầu tư trên thị trường vàng đang giằng co. Trọng tâm bây giờ là báo cáo CPI để xác,9/06/2022 10:54
"Chứng khoán Mỹ tăng liền 2 phiên, giá dầu vững đà đi lên",Tâm điểm chú ý của nhà đầu tư trong tuần này là chỉ số giá tiêu dùng (CPI) tháng 5 của Mỹ dự kiến,8/06/2022 08:06
Giỏ hàng hoá và lạm phát tăng gây khó khăn cho nền kinh tế, tăng theo giá nguyên nhiên vật liệu đầu vào là nguyên nhân chủ yếu đẩy CPI tháng 5/2022 tăng 0,7/06/2022 06:00
Lương hưu được điều chỉnh theo CPI và tốc độ tăng trưởng kinh tế ,"Từ năm 1995 đến nay, Nhà nước đã thực hiện 22 lần điều chỉnh lương hưu nhằm đảm bảo cuộc sống cho người về hưu. Năm 2022,  lương hưu đã được điều chỉnh với mức chung là 7,4% từ ngày 1/1/2022...",14/05/2022 06:00
April CPI up 0.18%,The General Statistics Office has said the consumer price index (CPI) increased 0.18 per cent in,29/04/2022 16:03
"CPI tháng 4 tăng nhẹ ở mức 0,18%","Chỉ số giá tiêu dùng tháng 4/2022 tăng 0,18% so với tháng trước, tăng 2,09% so với tháng 12/2021 và tăng 2,64% so với cùng kỳ năm trước...",29/04/2022 11:17
SBV unlikely to reverse monetary policy," Company, the three main reasons are that the CPI is still low, domestic demand is still relatively weak",19/04/2022 10:04
PM: Socio-economy recovered strongly in Q1,". Reports from the meeting show that GDP growth was more than 5 per cent, the CPI under 2 per cent, and the",4/04/2022 16:05
Chuyên gia hiến kế hạ nhiệt giá cả hàng hóa," tháng nữa, sẽ phản ánh vào giá bán, lúc đó chỉ số CPI sẽ tăng mạnh...",2/04/2022 18:00
CPI up 0.7% in March," General Statistics Office on March 29, the CPI increased 0.7 per cent in March compared to February and 2",30/03/2022 07:05
Control over inflation possible in Vietnam," basket for calculating the CPI, such as food, housing, and travel expenses, it will be possible to",29/03/2022 12:09
"Chỉ số giá tiêu dùng CPI tháng 3 tăng 0,7%", tiêu dùng tăng là những nguyên nhân thúc chỉ số CPI tháng 3 tăng...,29/03/2022 11:15
Đừng để nỗi sợ lạm phát thành sự thật," có tỷ trọng lớn trong rổ tính chỉ số giá tiêu dùng (CPI) là nhóm ăn uống, nhà ở, chi phí đi lại, thì",29/03/2022 06:00
Monthly CPI up 1% in February,Increases in the price of petrol and food were the main factors behind the CPI rising 1 per cent in,28/02/2022 16:00
CPI tháng 02/2022 tăng do tác động từ giá xăng dầu và lương thực,"Giá xăng dầu tăng; giá lương thực, thực phẩm, ăn uống… tăng là những nguyên nhân chính làm chỉ số giá tiêu dùng tháng 02/2022 tăng 1% so với tháng trước...",28/02/2022 10:27
"Chứng khoán Mỹ tăng mạnh, giá dầu bám mốc 90 USD/thùng, Bitcoin giữ đà tăng",Giới đầu tư đang nóng lòng chờ báo cáo chỉ số giá tiêu dùng (CPI) tháng 1 của Mỹ mà Bộ Lao động,10/02/2022 06:46
Toàn cảnh bức tranh kinh tế Việt Nam tháng 1/2022," đăng ký tăng 4,2%; số lượng doanh nghiệp thành lập mới tăng 28,9%; chỉ số CPI tăng nhẹ 0,19%...",30/01/2022 11:28
Nhu cầu sắm Tết cao đẩy CPI tháng đầu năm tăng ,"Nhu cầu mua sắm của người dân dịp Tết tăng cao đã đẩy chỉ số giá tiêu dùng tháng 01/2022 tăng 0,19% so với tháng 12/2021...",29/01/2022 15:34
CPI can be limited to 4%," to keep Vietnam’s CPI at below 4 per cent, economists believe. International organizations have",6/01/2022 10:12
"Sức ép lạm phát từ gói kích thích kinh tế không đáng lo, CPI năm 2022 dưới 4%"," ""ghìm"" đà tăng của CPI dưới 4%...",5/01/2022 17:51
Toàn cảnh bức tranh kinh tế Việt Nam năm 2021,; CPI tăng thấp nhất kể từ năm 2016...,29/12/2021 17:00
2021 CPI at lowest since 2016,The CPI increased just 1.84 per cent year-on-year in 2021; its lowest rise since 2016. Core,29/12/2021 16:12
"CPI bình quân năm 2021 tăng 1,84%, mức thấp nhất kể từ 2016","Bình quân năm 2021, CPI tăng 1,84% so với năm trước, mức tăng thấp nhất kể từ năm 2016. Lạm phát cơ",29/12/2021 11:57
"Giá vàng thế giới tăng, trong nước tụt dốc",Tâm điểm chú ý của các nhà đầu tư trong thời gian còn lại của tuần này là chỉ số giá tiêu dùng (CPI,8/12/2021 10:56
Inflationary pressures may flare up in 2022,"Though CPI in the first eleven months was at its lowest level for five years, analysts believe it",3/12/2021 10:15
Improved socio-economic growth continues in November," was low while the currency market and exchange rate were stable. Compared to October, the CPI",2/12/2021 17:15
Cảnh báo áp lực lạm phát bùng lên trong năm tới ,Mặc dù CPI của 11 tháng tăng thấp nhất 5 năm qua nhưng giới phân tích nhận định lạm phát năm 2022,2/12/2021 16:55
Giá xăng dầu leo thang kéo CPI tháng 11 tăng , tiêu dùng (CPI) tháng 11/2021 tăng...,29/11/2021 13:14
NA discussing socio-economic development plan," reach 6-6.5 per cent, the CPI 4 per cent, and the State budget deficit around 4 per cent of GDP.",8/11/2021 15:31
10M CPI at 5-year low,"According to the General Statistics Office, the CPI in October was down 0.2 per cent compared to",29/10/2021 16:42
"CPI tháng 10/2021 giảm 0,2% so với tháng 9, tăng 1,81% cùng kỳ","Theo số liệu vừa công bố của Tổng cục Thống kê, chỉ số giá tiêu dùng (CPI) tháng 10/2021 giảm 0",29/10/2021 10:37
2022 growth targets subject to uncertainties,"The anticipated socio-economic development plan for 2022 includes GDP growth of 6-6.5 per cent, CPI",13/10/2021 14:42
September CPI down 0.62%," turn contributed to pushing down the consumer price index (CPI) for the month, which decreased by 0",29/09/2021 16:21
"Miễn - giảm học phí, giảm giá điện khiến CPI tháng 9 giảm 0,62%"," đợt 4… là các nguyên nhân chính làm chỉ số giá tiêu dùng (CPI) tháng 9/2021 giảm 0,62% so với tháng",29/09/2021 10:57
Giá vàng tăng vọt sau báo cáo CPI Mỹ," ngưỡng chủ chốt 1.800 USD/oz. CPI tháng 8 dù vẫn tăng nhưng mức tăng không lớn như dự báo, làm giảm kỳ",15/09/2021 10:21
"Chứng khoán Mỹ tụt điểm dù CPI không cao như dự báo, giá dầu tiếp tục tăng","Thị trường chứng khoán Mỹ giảm điểm trong phiên giao dịch ngày thứ Ba (14/9), quay trở lại xu hướng ảm đạm của tháng 9...",15/09/2021 07:39
Giá vàng giằng co trong lúc đợi báo cáo lạm phát Mỹ," (CPI) tháng 8 của Mỹ. Trong nước, giá vàng sáng nay (14/8) cũng gần như đi ngang...",14/09/2021 10:14
CPI at 5-year low,The CPI rose 1.79 per cent year-on-year in the first eight months; the lowest rate since 2016. Core,6/09/2021 11:23
CPI tăng thấp nhất trong 6 năm qua,"8 tháng năm 2021, CPI tăng 1,79% so với cùng kỳ năm trước. Đây là mức tăng thấp nhất kể từ năm 2016",6/09/2021 07:42
Supply issues driving up food prices," month-on-month CPI increases in August, while two groups posted declines.",1/09/2021 13:29
